listing_id,title,brand,price_vnd,vehicle_type,condition,seller_type,model,manufacture_year,mileage_km,engine_capacity,location,seller_name,posted_at,url,crawled_at,detail_status
135029916,Honda up y Trắng Việt Nam,Honda,15000000,Tay ga,Đã sử dụng,,SH,2003,50000,,"Xã Tân Vĩnh Lộc, Huyện Bình Chánh, Tp Hồ Chí Minh",Bùi Xuân Tú,2026-10-03T02:01:08.000Z,https://xe.chotot.com/mua-ban-xe-may/135029916.htm,2026-10-03T02:02:12.457Z,Crawled
134054989,Honda Wave A 2026,Honda,18500000,Xe số,Đã sử dụng,Bán chuyên,Wave,2026,654,100 - 175 cc,"Phường Tân Thuận, Quận 7, Tp Hồ Chí Minh",Le tan cang,2026-10-03T02:01:01.708Z,https://xe.chotot.com/mua-ban-xe-may/134054989.htm,2026-10-03T02:02:13.751Z,Crawled
133703523,"Piaggio Vespa LX125.ie 2012 Trắng ,17.560km",Piaggio,10200000,Tay ga,Đã sử dụng,,Vespa,2012,17560,100 - 175 cc,"Phường Thạnh Mỹ Tây, Quận Bình Thạnh, Tp Hồ Chí Minh",Quoc nguyen,2026-10-03T02:01:00.000Z,https://xe.chotot.com/mua-ban-xe-may/133703523.htm,2026-10-03T02:02:15.017Z,Crawled
135029912,Yamaha Sirius 50cc Đỏ,Yamaha,2300000,Xe số,Đã sử dụng,,Sirius,2012,37000,Dưới 50 cc,"Phường Đông Hưng Thuận, Quận 12, Tp Hồ Chí Minh",Cao Trieu,2026-10-03T02:00:55.000Z,https://xe.chotot.com/mua-ban-xe-may/135029912.htm,2026-10-03T02:02:17.111Z,Crawled
135029910,Yamaha NVX KHOÁ SMK. ZIN CHẤT CÓ GÓP,Yamaha,19500000,Tay ga,Đã sử dụng,Bán chuyên,Nvx,2019,0,,"Phường Linh Xuân, Thành phố Thủ Đức, Tp Hồ Chí Minh",Xe Máy Quốc Hằng góp 0 đồng,2026-10-03T02:00:53.000Z,https://xe.chotot.com/mua-ban-xe-may/135029910.htm,2026-10-03T02:02:18.242Z,Crawled
134649005,Honda SHi 125 CBS 2023 Trắng đen 8000 km.95%.Bstp,Honda,67900000,Tay ga,Đã sử dụng,Bán chuyên,SH,2023,8000,100 - 175 cc,"Phường Thông Tây Hội, Quận Gò Vấp, Tp Hồ Chí Minh",Phùng Anh Tuấn ,2026-10-03T02:00:26.265Z,https://xe.chotot.com/mua-ban-xe-may/134649005.htm,2026-10-03T02:02:19.487Z,Crawled
128184288,ream 50cc Epero detech mới,Detech,14800000,Xe số,Mới,Bán chuyên,Espero,2026,,Dưới 50 cc,"Phường Tân Phú, Quận Tân Phú, Tp Hồ Chí Minh",  CỬA HÀNG XE MÁY PHƯỚC THỌ,2026-10-03T02:00:21.169Z,https://xe.chotot.com/mua-ban-xe-may/128184288.htm,2026-10-03T02:02:20.896Z,Crawled
134482346,Yamaha Exciter 150cc 2017 . HỖ TRỢ GÓP / 6,Yamaha,16800000,Tay côn/Moto,Đã sử dụng,Bán chuyên,Exciter,2017,12345,100 - 175 cc,"Phường An Hội Tây, Quận Gò Vấp, Tp Hồ Chí Minh",CẦM ĐỒ NĂM LINH,2026-10-03T02:00:06.067Z,https://xe.chotot.com/mua-ban-xe-may/134482346.htm,2026-10-03T02:02:22.282Z,Crawled
134476000,Honda Air Blade Fi 110cc 2011 Đen bạc zin bs.tphcm,Honda,8900000,Tay ga,Đã sử dụng,Bán chuyên,Air Blade,2011,47000,100 - 175 cc,"Phường Bình Hưng Hòa, Quận Bình Tân, Tp Hồ Chí Minh",Anh khuê,2026-10-03T02:00:00.985Z,https://xe.chotot.com/mua-ban-xe-may/134476000.htm,2026-10-03T02:02:23.517Z,Crawled
134975259,Thu mua xe 24/07,Honda,30000000,Tay ga,Đã sử dụng,Bán chuyên,Nova,2025,0,,"Phường Linh Xuân, Thành phố Thủ Đức, Tp Hồ Chí Minh",MUA XE CỦ GIÁ CAO ,2026-10-03T02:00:00.914Z,https://xe.chotot.com/mua-ban-xe-may/134975259.htm,2026-10-03T02:02:25.681Z,Crawled
131595323,"Yamaha Exciter 150 2015 bstp-chính chủ,xe đẹp êm",Yamaha,15200000,Xe số,Đã sử dụng,Bán chuyên,Exciter,2015,123456,100 - 175 cc,"Phường Tân Thuận, Quận 7, Tp Hồ Chí Minh",Trung Anh,2026-10-03T01:59:45.461Z,https://xe.chotot.com/mua-ban-xe-may/131595323.htm,2026-10-03T02:02:26.962Z,Crawled
134131758,Yamaha R15 150cc 2019 Vàng 6000 km BS 50x1-02640,Yamaha,33500000,Tay côn/Moto,Đã sử dụng,Bán chuyên,R,2019,6000,100 - 175 cc,"Phường Tăng Nhơn Phú, Thành phố Thủ Đức, Tp Hồ Chí Minh",Xe Máy Nguyễn Phụng,2026-10-03T01:59:15.112Z,https://xe.chotot.com/mua-ban-xe-may/134131758.htm,2026-10-03T02:02:28.225Z,Crawled
134553737,[SIÊU BỀN]👉Yamaha Taurus 115 2012 Đen✨1CHÚ✨XE KEN,Yamaha,10800000,Xe số,Đã sử dụng,Bán chuyên,Taurus,2012,22500,,"Phường Bình Trị Đông, Quận Bình Tân, Tp Hồ Chí Minh",BÙI TIẾN DŨNG,2026-10-03T01:58:54.859Z,https://xe.chotot.com/mua-ban-xe-may/134553737.htm,2026-10-03T02:02:29.460Z,Crawled
135029872,Honda leadt fi chính chủ,Honda,5500000,Tay ga,Đã sử dụng,Bán chuyên,Lead,2009,20000,100 - 175 cc,"Phường Tân Hưng, Quận 7, Tp Hồ Chí Minh",trình minh sơn,2026-10-03T01:58:51.000Z,https://xe.chotot.com/mua-ban-xe-may/135029872.htm,2026-10-03T02:02:30.417Z,Crawled
134745966,NOZA Fi BIỂN59 MÁY ÊM NGON CHẠY MẠNH XE TỐT ĐILIỀN,Yamaha,5500000,Tay ga,Đã sử dụng,Bán chuyên,Nozza,2014,25000,,"Phường Trung Mỹ Tây, Quận 12, Tp Hồ Chí Minh",hung,2026-10-03T01:57:59.307Z,https://xe.chotot.com/mua-ban-xe-may/134745966.htm,2026-10-03T02:02:31.402Z,Crawled
132335116,Future Led 2025 Đỏ 6.000km. BSTP 1 đời chủ,Honda,31800000,Xe số,Đã sử dụng,Bán chuyên,Future,2025,6000,,"Phường Bình Thạnh, Quận Bình Thạnh, Tp Hồ Chí Minh",Lê Nhân,2026-10-03T01:57:54.215Z,https://xe.chotot.com/mua-ban-xe-may/132335116.htm,2026-10-03T02:02:32.472Z,Crawled
130638944,Honda Spacy 125 2002 Đen,Honda,32000000,Tay ga,Đã sử dụng,Bán chuyên,Spacy,2002,220008,,"Phường Bình Thới, Quận 11, Tp Hồ Chí Minh",Dũ Ngô,2026-10-03T01:57:49.158Z,https://xe.chotot.com/mua-ban-xe-may/130638944.htm,2026-10-03T02:02:33.461Z,Crawled
134933596,shvn 2018 full 150i,Honda,56000000,Tay ga,Đã sử dụng,Bán chuyên,SH,2018,123,,"Phường Phú Thạnh, Quận Tân Phú, Tp Hồ Chí Minh", Võ SH318,2026-10-03T01:57:39.062Z,https://xe.chotot.com/mua-ban-xe-may/134933596.htm,2026-10-03T02:02:34.564Z,Crawled
130368661,Yamaha Ex 135 ....máy bao êm ru..gtdd..bao đẹp,Yamaha,12800000,Tay côn/Moto,Đã sử dụng,Bán chuyên,Exciter,2013,24000,100 - 175 cc,"Phường Hiệp Bình, Thành phố Thủ Đức, Tp Hồ Chí Minh",Trung ,2026-10-03T01:57:35.000Z,https://xe.chotot.com/mua-ban-xe-may/130368661.htm,2026-10-03T02:02:35.906Z,Crawled
134984461,SYM Elegant 50cc  . Học sinh đi học o cần bằng lai,SYM,6500000,Xe số,Đã sử dụng,Bán chuyên,Elegant,2015,39,Dưới 50 cc,"Phường Hòa Bình, Quận 11, Tp Hồ Chí Minh",Hoàng Anh  ,2026-10-03T01:57:18.862Z,https://xe.chotot.com/mua-ban-xe-may/134984461.htm,2026-10-03T02:02:37.537Z,Crawled
128933440,Yamaha Ex 150 nhập mxking..2017..xe 9 chủ máy zin,Yamaha,15800000,Tay côn/Moto,Đã sử dụng,Bán chuyên,Exciter,2017,22222,100 - 175 cc,"Phường Hiệp Bình, Thành phố Thủ Đức, Tp Hồ Chí Minh",Trung ,2026-10-03T01:57:13.000Z,https://xe.chotot.com/mua-ban-xe-may/128933440.htm,2026-10-03T02:02:40.056Z,Crawled
126472688,Honda Winner 2018..máy zin êm ru....về sử dụng,Honda,10800000,Tay côn/Moto,Đã sử dụng,Bán chuyên,Winner,2018,22222,100 - 175 cc,"Phường Hiệp Bình, Thành phố Thủ Đức, Tp Hồ Chí Minh",Trung ,2026-10-03T01:56:57.000Z,https://xe.chotot.com/mua-ban-xe-may/126472688.htm,2026-10-03T02:02:41.283Z,Crawled
134442513,AB Fi XE TỐT CHẠY NGON MÁY ÊM MẠNH BỀN ĐẸP KO KÊU,Honda,6800000,Tay ga,Đã sử dụng,Bán chuyên,Air Blade,2012,25000,,"Phường Trung Mỹ Tây, Quận 12, Tp Hồ Chí Minh",dung,2026-10-03T01:56:53.637Z,https://xe.chotot.com/mua-ban-xe-may/134442513.htm,2026-10-03T02:02:42.246Z,Crawled
133904264,Honda Click 110..bs 75..9 chủ bán..máy zin êm ru,Honda,7800000,Tay ga,Đã sử dụng,Bán chuyên,Click,2011,27063,100 - 175 cc,"Phường Hiệp Bình, Thành phố Thủ Đức, Tp Hồ Chí Minh",Trung ,2026-10-03T01:56:31.000Z,https://xe.chotot.com/mua-ban-xe-may/133904264.htm,2026-10-03T02:02:43.598Z,Crawled
134956656,Yamaha XSR 155 2026 Xám 1.400km. BSTP 1 chủ,Yamaha,69800000,Tay côn/Moto,Đã sử dụng,Bán chuyên,XSR,2025,1400,100 - 175 cc,"Phường Bình Thạnh, Quận Bình Thạnh, Tp Hồ Chí Minh",trung hieu,2026-10-03T01:56:28.387Z,https://xe.chotot.com/mua-ban-xe-may/134956656.htm,2026-10-03T02:02:44.803Z,Crawled
129162467,"bán AB 2012 chính chủ ,bs thành phố ,xe đẹp keng",Honda,12500000,Tay ga,Đã sử dụng,Bán chuyên,Vision,2012,1,100 - 175 cc,"Phường Hòa Hưng, Quận 10, Tp Hồ Chí Minh",tuấn,2026-10-03T01:56:21.000Z,https://xe.chotot.com/mua-ban-xe-may/129162467.htm,2026-10-03T02:02:46.058Z,Crawled
131733305,Xe máy Yaz màu Vàng,Yamaha,76000000,Tay côn/Moto,Đã sử dụng,Bán chuyên,YAZ,2018,10000,100 - 175 cc,"Phường Thông Tây Hội, Quận Gò Vấp, Tp Hồ Chí Minh",Ly hùng,2026-10-03T01:56:08.261Z,https://xe.chotot.com/mua-ban-xe-may/131733305.htm,2026-10-03T02:02:47.223Z,Crawled
135013897,Kawasaki W175 2019 Đen 20000 km,Kawasaki,39000000,Tay côn/Moto,Đã sử dụng,Bán chuyên,W175,2019,20000,,"Phường Linh Xuân, Thành phố Thủ Đức, Tp Hồ Chí Minh",CHIẾN MOTOR,2026-10-03T01:56:03.187Z,https://xe.chotot.com/mua-ban-xe-may/135013897.htm,2026-10-03T02:02:48.453Z,Crawled
135029809,SYM Attila alizabey,SYM,2300000,Tay ga,Đã sử dụng,Bán chuyên,Attila,2012,20000,100 - 175 cc,"Phường Tân Hưng, Quận 7, Tp Hồ Chí Minh",trình minh sơn,2026-10-03T01:55:21.000Z,https://xe.chotot.com/mua-ban-xe-may/135029809.htm,2026-10-03T02:02:49.607Z,Crawled
134562929,Honda Lead 2017Xanh 25937 km,Honda,14300000,Tay ga,Đã sử dụng,Bán chuyên,Lead,2017,25937,100 - 175 cc,"Phường Tam Bình, Thành phố Thủ Đức, Tp Hồ Chí Minh",Cửa hàng xe máy ANH TUẤN,2026-10-03T01:55:02.560Z,https://xe.chotot.com/mua-ban-xe-may/134562929.htm,2026-10-03T02:02:51.122Z,Crawled
134551478,♻️Yamaha Exciter BSTP Chính Chủ ( Có Góp ),Yamaha,32500000,Tay côn/Moto,Đã sử dụng,Bán chuyên,Exciter,2022,1,,"Phường Tăng Nhơn Phú, Thành phố Thủ Đức, Tp Hồ Chí Minh",XE MÁY QUẬN 9,2026-10-03T01:54:52.517Z,https://xe.chotot.com/mua-ban-xe-may/134551478.htm,2026-10-03T02:02:52.307Z,Crawled
134038271,Honda Sonic 2020 Đỏ Trắng Đen 40.000km,Honda,14800000,Tay côn/Moto,Đã sử dụng,Bán chuyên,Sonic,2020,4000,,"Phường Vườn Lài, Quận 10, Tp Hồ Chí Minh",Khánh Liêm,2026-10-03T01:54:47.436Z,https://xe.chotot.com/mua-ban-xe-may/134038271.htm,2026-10-03T02:02:53.427Z,Crawled
134695384,future x fi 2010,Honda,22800000,Xe số,Đã sử dụng,Bán chuyên,Future,2010,0,100 - 175 cc,"Xã Bà Điểm, Huyện Hóc Môn, Tp Hồ Chí Minh",xe máy Tùng Liên ,2026-10-03T01:54:17.168Z,https://xe.chotot.com/mua-ban-xe-may/134695384.htm,2026-10-03T02:02:54.493Z,Crawled
135029773,Honda Airblade 2013 Vàng đồng,Honda,15000000,Tay ga,Đã sử dụng,,Air Blade,2013,116000,,"Phường Chánh Hưng, Quận 8, Tp Hồ Chí Minh",Trần Quang Khải,2026-10-03T01:53:49.000Z,https://xe.chotot.com/mua-ban-xe-may/135029773.htm,2026-10-03T02:02:55.762Z,Crawled
134916457,✅VISION 2022 KHOÁ SMK CHÍNH CHỦ CÓ GÓP,Honda,26300000,Tay ga,Đã sử dụng,Bán chuyên,Vision,2022,20,,"Phường Tam Bình, Thành phố Thủ Đức, Tp Hồ Chí Minh",XE ĐẸP  GÓP BAO NỢ XẤU THỦ ĐỨC,2026-10-03T01:53:46.836Z,https://xe.chotot.com/mua-ban-xe-may/134916457.htm,2026-10-03T02:02:56.867Z,Crawled
132777683,Honda Airblade 2010 Fi BSTP chính chủ nguyên zin,Honda,38000000,Tay ga,Đã sử dụng,Bán chuyên,Air Blade,2010,50000,,"Phường Đông Hưng Thuận, Quận 12, Tp Hồ Chí Minh",XE MÁY HẢI THANH,2026-10-03T01:53:36.760Z,https://xe.chotot.com/mua-ban-xe-may/132777683.htm,2026-10-03T02:02:57.789Z,Crawled
135021283,Honda Air Blade 2017 Đen nhám bstp chính chủ,Honda,18800000,Tay ga,Đã sử dụng,Bán chuyên,Air Blade 125,2017,60000,100 - 175 cc,"Phường Tam Bình, Thành phố Thủ Đức, Tp Hồ Chí Minh",Nguyễn Danh,2026-10-03T01:53:36.757Z,https://xe.chotot.com/mua-ban-xe-may/135021283.htm,2026-10-03T02:02:59.812Z,Crawled
133777443,Piaggio Vespa 50cc 2024 Đỏ 13000km zin100% bs.tp,ALLY,11900000,Tay ga,Đã sử dụng,Bán chuyên,Vegas EVS1,2024,13000,Dưới 50 cc,"Phường Bình Hưng Hòa, Quận Bình Tân, Tp Hồ Chí Minh",Toan,2026-10-03T01:53:31.687Z,https://xe.chotot.com/mua-ban-xe-may/133777443.htm,2026-10-03T02:03:00.749Z,Crawled
134633057,WAVE A1002012 UP 2016 NICE ZIN A -Z BSTP KENG HOT,Honda,10500000,Xe số,Đã sử dụng,Bán chuyên,Wave,2012,250497,100 - 175 cc,"Phường Bình Trị Đông, Quận Bình Tân, Tp Hồ Chí Minh",LÊ TRUNG VIỄN.,2026-10-03T01:53:31.611Z,https://xe.chotot.com/mua-ban-xe-may/134633057.htm,2026-10-03T02:03:01.702Z,Crawled
134819843,Honda LEAD khóa smartk đời 2017 Xanh Xe tay ga,Honda,20100000,Tay ga,Đã sử dụng,Bán chuyên,Lead,2017,2302,,"Phường Bảy Hiền, Quận Tân Bình, Tp Hồ Chí Minh",Đình Khương,2026-10-03T01:53:16.508Z,https://xe.chotot.com/mua-ban-xe-may/134819843.htm,2026-10-03T02:03:02.481Z,Crawled
135029749,Honda Wave Alpha 110cc 2020 CHÍNH CHỦ,Honda,13700000,Xe số,Đã sử dụng,Bán chuyên,Wave,2020,31000,100 - 175 cc,"Phường Phú Thạnh, Quận Tân Phú, Tp Hồ Chí Minh",Chị Thảo,2026-10-03T01:52:32.000Z,https://xe.chotot.com/mua-ban-xe-may/135029749.htm,2026-10-03T02:03:03.534Z,Crawled
133594156,Honda Air Blade 125 biển thành phố -hỗ trợ trả gop,Honda,14300000,Tay ga,Đã sử dụng,Bán chuyên,Air Blade,2013,20000,100 - 175 cc,"Phường Bảy Hiền, Quận Tân Bình, Tp Hồ Chí Minh",TRỊNH NHÀ PHỐ,2026-10-03T01:52:10.855Z,https://xe.chotot.com/mua-ban-xe-may/133594156.htm,2026-10-03T02:03:04.478Z,Crawled
135016165,Suzuki Viva 2002 Xanh,Suzuki,4300000,Xe số,Đã sử dụng,Bán chuyên,Viva,2002,10000,100 - 175 cc,"Phường Trung Mỹ Tây, Quận 12, Tp Hồ Chí Minh",Tâm,2026-10-03T01:52:00.759Z,https://xe.chotot.com/mua-ban-xe-may/135016165.htm,2026-10-03T02:03:05.181Z,Crawled
135029737,Honda Wave RSX Đỏ đen Xe số,Honda,8800000,Xe số,Đã sử dụng,Bán chuyên,Wave,2017,1,,"Phường Long Bình, Thành phố Thủ Đức, Tp Hồ Chí Minh",Xe Máy Giá Rẻ Quận 9,2026-10-03T01:51:28.000Z,https://xe.chotot.com/mua-ban-xe-may/135029737.htm,2026-10-03T02:03:06.204Z,Crawled
134903648,Honda Cub 81-70cc,Honda,1234567,Xe số,Đã sử dụng,,Cub,1981,1,50 - 100 cc,"Phường Long Bình, Thành phố Thủ Đức, Tp Hồ Chí Minh",A Tuấn,2026-10-03T01:51:20.410Z,https://xe.chotot.com/mua-ban-xe-may/134903648.htm,2026-10-03T02:03:07.103Z,Crawled
134398545,Honda Vision Sporty Bánh Lớn 2022 7000 Km + BS Đẹp,Honda,29800000,Tay ga,Đã sử dụng,Bán chuyên,Vision,2022,7000,100 - 175 cc,"Phường Phú Nhuận, Quận Phú Nhuận, Tp Hồ Chí Minh",Ngọc Huy,2026-10-03T01:50:29.939Z,https://xe.chotot.com/mua-ban-xe-may/134398545.htm,2026-10-03T02:03:07.932Z,Crawled
134459369,"Honda Scoopy 110cc, ĐK 2018.BSTP -HỖ TRỢ GÓP",Honda,23800000,Tay ga,Đã sử dụng,Bán chuyên,Scoopy,2018,12345,,"Phường An Hội Tây, Quận Gò Vấp, Tp Hồ Chí Minh",CẦM ĐỒ NĂM LINH,2026-10-03T01:50:04.755Z,https://xe.chotot.com/mua-ban-xe-may/134459369.htm,2026-10-03T02:03:08.868Z,Crawled
133307779,Honda Lead 125cc Fi 2013 Kem 47000km Bs.tp 9chủ,Honda,14900000,Tay ga,Đã sử dụng,Bán chuyên,Lead,2013,47000,100 - 175 cc,"Phường Bình Hưng Hòa, Quận Bình Tân, Tp Hồ Chí Minh",Anh khuê,2026-10-03T01:50:04.718Z,https://xe.chotot.com/mua-ban-xe-may/133307779.htm,2026-10-03T02:03:10.642Z,Crawled
131896711,"Honda Vision 2012 bstp,chính chủ,xe đẹp keng zin",Honda,11500000,Tay ga,Đã sử dụng,Bán chuyên,Vision,2013,123456,,"Phường Tân Thuận, Quận 7, Tp Hồ Chí Minh",Trung Anh,2026-10-03T01:49:44.406Z,https://xe.chotot.com/mua-ban-xe-may/131896711.htm,2026-10-03T02:03:13.688Z,Crawled
134402599,Honda Wave @ Đỏ chính chủ,Honda,7800000,Xe số,Đã sử dụng,Bán chuyên,Wave,2007,1,,"Phường Tăng Nhơn Phú, Thành phố Thủ Đức, Tp Hồ Chí Minh",Xe Máy Nguyễn Phụng,2026-10-03T01:49:14.109Z,https://xe.chotot.com/mua-ban-xe-may/134402599.htm,2026-10-03T02:03:16.672Z,Crawled
135029692,Yamaha Exciter 135 2014 Xanh trắng Côn tay ký giây,Yamaha,17000000,Tay côn/Moto,Đã sử dụng,Bán chuyên,Exciter,2014,19000,,"Phường Phước Long, Thành phố Thủ Đức, Tp Hồ Chí Minh", cầm đồ Phú Hương ,2026-10-03T01:49:07.000Z,https://xe.chotot.com/mua-ban-xe-may/135029692.htm,2026-10-03T02:03:19.750Z,Crawled
134994331,Honda Win100,Honda,19000000,Tay côn/Moto,Đã sử dụng,,Win,1995,123,50 - 100 cc,"Phường Phú Lâm, Quận 6, Tp Hồ Chí Minh",Eric,2026-10-03T01:48:58.911Z,https://xe.chotot.com/mua-ban-xe-may/134994331.htm,2026-10-03T02:03:22.592Z,Crawled
134450225,SH 150cc.ABS. Dk 2o23.Odo 4167km.Bstp.❤️,Honda,88000000,Tay ga,Đã sử dụng,Bán chuyên,SH,2023,4167,100 - 175 cc,"Phường Thới An, Quận 12, Tp Hồ Chí Minh",LeeteeHung,2026-10-03T01:48:03.486Z,https://xe.chotot.com/mua-ban-xe-may/134450225.htm,2026-10-03T02:03:27.624Z,Crawled
135012164,Honda Lead 4Val 2022 18000KM Zin Đẹp Bán Bao HSơ,Honda,36800000,Tay ga,Đã sử dụng,Bán chuyên,Lead,2022,18000,100 - 175 cc,"Phường Bình Thạnh, Quận Bình Thạnh, Tp Hồ Chí Minh",Mai văn giang,2026-10-03T01:48:03.436Z,https://xe.chotot.com/mua-ban-xe-may/135012164.htm,2026-10-03T02:03:30.763Z,Crawled
134349757,WINER V1 MÁY ZIN 150BAO MẠNH XE ĐẸP CHẠY NGON BỀN,Honda,10000000,Tay côn/Moto,Đã sử dụng,Bán chuyên,Winner,2017,25000,,"Phường Trung Mỹ Tây, Quận 12, Tp Hồ Chí Minh",hung,2026-10-03T01:47:58.355Z,https://xe.chotot.com/mua-ban-xe-may/134349757.htm,2026-10-03T02:03:33.443Z,Crawled
132416399,NVX 155 2021 ABS Smartkey. BSTP 1 chủ công chứng,Yamaha,36800000,Tay ga,Đã sử dụng,Bán chuyên,Nvx,2021,25000,,"Phường Bình Thạnh, Quận Bình Thạnh, Tp Hồ Chí Minh",Lê Nhân,2026-10-03T01:47:53.268Z,https://xe.chotot.com/mua-ban-xe-may/132416399.htm,2026-10-03T02:03:36.469Z,Crawled
132106302,sh ý 206 150i up full 212 HSCT,Honda,70000000,Tay ga,Đã sử dụng,Bán chuyên,SH,2006,123,100 - 175 cc,"Phường Phú Thạnh, Quận Tân Phú, Tp Hồ Chí Minh", Võ SH318,2026-10-03T01:47:38.116Z,https://xe.chotot.com/mua-ban-xe-may/132106302.htm,2026-10-03T02:03:37.222Z,Crawled
134747313,WINER BẢN ABS CHÍNH CHỦ SANG TÊN 150BAO MẠNH ÊMBỀN,Honda,14500000,Tay côn/Moto,Đã sử dụng,Bán chuyên,Winner,2020,27250,,"Phường Trung Mỹ Tây, Quận 12, Tp Hồ Chí Minh",dung,2026-10-03T01:46:52.685Z,https://xe.chotot.com/mua-ban-xe-may/134747313.htm,2026-10-03T02:03:37.970Z,Crawled
135014283,Honda Air Blade 2014 Xám đen,Honda,14800000,Tay ga,Đã sử dụng,Bán chuyên,Air Blade,2014,999999,,"Phường An Phú Đông, Quận 12, Tp Hồ Chí Minh",hoàng hải ,2026-10-03T01:46:32.507Z,https://xe.chotot.com/mua-ban-xe-may/135014283.htm,2026-10-03T02:03:38.668Z,Crawled
134851939,SYM Galaxy 50cc 2022. Bs 47 công chứng liền,SYM,11600000,Xe số,Đã sử dụng,Bán chuyên,Galaxy,2022,17000,Dưới 50 cc,"Phường Bình Thạnh, Quận Bình Thạnh, Tp Hồ Chí Minh",trung hieu,2026-10-03T01:46:27.505Z,https://xe.chotot.com/mua-ban-xe-may/134851939.htm,2026-10-03T02:03:39.377Z,Crawled
134983633,Yamaha Jupiter 2004 Thái Lan Xanh chín chủ biển TP,Yamaha,8600000,Xe số,Đã sử dụng,Bán chuyên,Jupiter,2004,63828,100 - 175 cc,"Phường Bảy Hiền, Quận Tân Bình, Tp Hồ Chí Minh",Lê Hải,2026-10-03T01:46:12.313Z,https://xe.chotot.com/mua-ban-xe-may/134983633.htm,2026-10-03T02:03:40.292Z,Crawled
130882841,Honda Shadow 750cc Đỏ Trắng,Honda,105000000,Tay côn/Moto,Đã sử dụng,Bán chuyên,Shadow,2009,20000,Trên 175 cc,"Phường Thông Tây Hội, Quận Gò Vấp, Tp Hồ Chí Minh",Ly hùng,2026-10-03T01:46:07.307Z,https://xe.chotot.com/mua-ban-xe-may/130882841.htm,2026-10-03T02:03:40.999Z,Crawled
135023770,Benelli Leoncino 500 ABS 2019 Đỏ 36K Miles Xe 9C,Benelli,70800000,Tay côn/Moto,Đã sử dụng,Bán chuyên,Dòng khác,2019,36,,"Phường Tân Tạo, Quận Bình Tân, Tp Hồ Chí Minh",Việt Motor Bình Tân,2026-10-03T01:46:02.234Z,https://xe.chotot.com/mua-ban-xe-may/135023770.htm,2026-10-03T02:03:41.799Z,Crawled
135013409,Yamaha YB125SP 2018 Trắng ,Yamaha,38800000,Tay côn/Moto,Đã sử dụng,Bán chuyên,YB125,2018,16000,,"Phường Linh Xuân, Thành phố Thủ Đức, Tp Hồ Chí Minh",CHIẾN MOTOR,2026-10-03T01:46:02.167Z,https://xe.chotot.com/mua-ban-xe-may/135013409.htm,2026-10-03T02:03:42.530Z,Crawled
134535121,JUPITER Fi BÁNH MÂM THẮNG ĐĨA CỰC NGON ÊM MẠNH TỐT,Yamaha,7800000,Xe số,Đã sử dụng,Bán chuyên,Jupiter,2014,25000,,"Phường Trung Mỹ Tây, Quận 12, Tp Hồ Chí Minh",thanh,2026-10-03T01:45:21.804Z,https://xe.chotot.com/mua-ban-xe-may/134535121.htm,2026-10-03T02:03:43.254Z,Crawled
134835407,💥SUZUKI RAIDER XĂNG CON ➖ Xe giấy tờ đầy đủ,Suzuki,9500000,Tay côn/Moto,Đã sử dụng,Bán chuyên,Raider,2015,1,,"Phường Tăng Nhơn Phú, Thành phố Thủ Đức, Tp Hồ Chí Minh",XE MÁY QUẬN 9,2026-10-03T01:44:51.505Z,https://xe.chotot.com/mua-ban-xe-may/134835407.htm,2026-10-03T02:03:43.999Z,Crawled
134297040,vespa sprint 3v,Piaggio,28900000,Tay ga,Đã sử dụng,Bán chuyên,Vespa,2015,0,100 - 175 cc,"Xã Bà Điểm, Huyện Hóc Môn, Tp Hồ Chí Minh",xe máy Tùng Liên ,2026-10-03T01:44:16.237Z,https://xe.chotot.com/mua-ban-xe-may/134297040.htm,2026-10-03T02:03:44.704Z,Crawled
134829829,Honda Vision 2020 Cao Cấp màu Đỏ,Honda,17200000,Tay ga,Đã sử dụng,,Vision,2020,21140,100 - 175 cc,"Xã Bình Lợi, Huyện Bình Chánh, Tp Hồ Chí Minh",Tấn An,2026-10-03T01:44:06.121Z,https://xe.chotot.com/mua-ban-xe-may/134829829.htm,2026-10-03T02:03:45.381Z,Crawled
132970864,VARIO 2024 Kiểng BSTP CHÍNH CHỦ CÓ GÓP,Honda,37000000,Tay ga,Đã sử dụng,Bán chuyên,Vario,2024,20,,"Phường Tam Bình, Thành phố Thủ Đức, Tp Hồ Chí Minh",XE ĐẸP  GÓP BAO NỢ XẤU THỦ ĐỨC,2026-10-03T01:43:50.910Z,https://xe.chotot.com/mua-ban-xe-may/132970864.htm,2026-10-03T02:03:46.101Z,Crawled
134798120,Honda Lead 125 2013 Xanh xi măng chính chủ,Honda,17800000,Tay ga,Đã sử dụng,Bán chuyên,Lead,2013,20000,100 - 175 cc,"Phường Đông Hưng Thuận, Quận 12, Tp Hồ Chí Minh",XE MÁY HẢI THANH,2026-10-03T01:43:40.816Z,https://xe.chotot.com/mua-ban-xe-may/134798120.htm,2026-10-03T02:03:46.863Z,Crawled
128226586,Yamaha Exciter 150cc Fi côn tay 2016 Zin100% bs.tp,Yamaha,16700000,Tay côn/Moto,Đã sử dụng,Bán chuyên,Exciter,2016,37000,100 - 175 cc,"Phường Bình Hưng Hòa, Quận Bình Tân, Tp Hồ Chí Minh",Toan,2026-10-03T01:43:35.785Z,https://xe.chotot.com/mua-ban-xe-may/128226586.htm,2026-10-03T02:03:47.569Z,Crawled
134894002,VISION FI 110 12-2011 BSTP NGAY CHỦ XE ZIN KENG AZ,Honda,12500000,Tay ga,Đã sử dụng,Bán chuyên,Vision,2011,30858,100 - 175 cc,"Phường Bình Trị Đông, Quận Bình Tân, Tp Hồ Chí Minh",LÊ TRUNG VIỄN.,2026-10-03T01:43:30.766Z,https://xe.chotot.com/mua-ban-xe-may/134894002.htm,2026-10-03T02:03:48.280Z,Crawled
134922295,Honda Wave Blade 2018 Đỏ đen,Honda,10200000,Xe số,Đã sử dụng,Bán chuyên,Wave,2018,2031,,"Phường Bảy Hiền, Quận Tân Bình, Tp Hồ Chí Minh",Đình Khương,2026-10-03T01:43:15.616Z,https://xe.chotot.com/mua-ban-xe-may/134922295.htm,2026-10-03T02:03:50.158Z,Crawled
134995045,AB BIỂN59-125BAO MẠNH MÁY ZIN ÊM CHẠY NGON KO KÊU,Honda,10300000,Tay ga,Đã sử dụng,Bán chuyên,Air Blade,2014,2500,100 - 175 cc,"Phường Trung Mỹ Tây, Quận 12, Tp Hồ Chí Minh",dung,2026-10-03T01:43:05.558Z,https://xe.chotot.com/mua-ban-xe-may/134995045.htm,2026-10-03T02:03:50.868Z,Crawled
134998833,"Honda Dream Thái Nâu, Trắng",Honda,4500000,Xe số,Đã sử dụng,Bán chuyên,Dream,2005,50000,100 - 175 cc,"Phường Bình Trị Đông, Quận Bình Tân, Tp Hồ Chí Minh",Nguyễn Peter,2026-10-03T01:43:00.356Z,https://xe.chotot.com/mua-ban-xe-may/134998833.htm,2026-10-03T02:03:51.576Z,Crawled
134937717,Honda Winner V4 -  Xe côn tay - mới đi 2.460 km,Honda,35000000,Tay côn/Moto,Đã sử dụng,,Winner,2025,2460,,"Phường Long Trường, Thành phố Thủ Đức, Tp Hồ Chí Minh",Tên chưa cung cấp,2026-10-03T01:42:55.273Z,https://xe.chotot.com/mua-ban-xe-may/134937717.htm,2026-10-03T02:03:52.296Z,Crawled
131261091,Honda NM4 750cc Trắng,Honda,95000000,Tay ga,Đã sử dụng,Bán chuyên,Dòng khác,2019,30000,,"Phường Thông Tây Hội, Quận Gò Vấp, Tp Hồ Chí Minh",Ly hùng,2026-10-03T01:42:39.000Z,https://xe.chotot.com/mua-ban-xe-may/131261091.htm,2026-10-03T02:03:53.083Z,Crawled
134775224,Honda Air Blade 2016 hỗ trợ trả góp hỗ trợ nợ xấu,Honda,20500000,Tay ga,Đã sử dụng,Bán chuyên,Air Blade,2016,20000,,"Phường Bảy Hiền, Quận Tân Bình, Tp Hồ Chí Minh",TRỊNH NHÀ PHỐ,2026-10-03T01:42:15.008Z,https://xe.chotot.com/mua-ban-xe-may/134775224.htm,2026-10-03T02:03:53.811Z,Crawled
134919761,Honda MSX 2023 Đỏ Thái Lan CỌP???,Honda,28500000,Tay côn/Moto,Đã sử dụng,,MSX 125,2017,3355,,"Phường Chánh Hưng, Quận 8, Tp Hồ Chí Minh",Hiếu,2026-10-03T01:40:54.237Z,https://xe.chotot.com/mua-ban-xe-may/134919761.htm,2026-10-03T02:03:54.737Z,Crawled
133695474,Xe điện VinFast Feliz S 2024 Đen,VinFast,24000000,Xe máy điện,Đã sử dụng,,Feliz S,2024,69000,,"Phường Phú Định, Quận 8, Tp Hồ Chí Minh",Duong Van Nhi,2026-10-03T01:40:44.158Z,https://xe.chotot.com/mua-ban-xe-may/133695474.htm,2026-10-03T02:03:55.426Z,Crawled
133936133,Suzuki Satria 150cc 2018 - HỖ TRỢ GÓP,Suzuki,18800000,Tay côn/Moto,Đã sử dụng,Bán chuyên,Satria,2018,12345,,"Phường An Hội Tây, Quận Gò Vấp, Tp Hồ Chí Minh",CẦM ĐỒ NĂM LINH,2026-10-03T01:40:03.785Z,https://xe.chotot.com/mua-ban-xe-may/133936133.htm,2026-10-03T02:03:56.149Z,Crawled
132968856,Yamaha Nouvo SX 125cc Fi 2015 Trắng Đỏ 57000km,Yamaha,8900000,Tay ga,Đã sử dụng,Bán chuyên,Nouvo,2015,57000,100 - 175 cc,"Phường Bình Hưng Hòa, Quận Bình Tân, Tp Hồ Chí Minh",Anh khuê,2026-10-03T01:40:03.718Z,https://xe.chotot.com/mua-ban-xe-may/132968856.htm,2026-10-03T02:03:56.868Z,Crawled
126224670,"Honda AIR BLADE FI 2010 chính chủ,hỗ trợ góp",Honda,12800000,Tay ga,Đã sử dụng,Bán chuyên,Air Blade,2009,123456,100 - 175 cc,"Phường Tân Thuận, Quận 7, Tp Hồ Chí Minh",Trung Anh,2026-10-03T01:39:43.509Z,https://xe.chotot.com/mua-ban-xe-may/126224670.htm,2026-10-03T02:03:57.717Z,Crawled
134426063,Air Blade 125 2019 bstp bao sang tên tphcm,Honda,26800000,Tay ga,Đã sử dụng,Bán chuyên,Air Blade,2019,44000,100 - 175 cc,"Phường Bình Lợi Trung, Quận Bình Thạnh, Tp Hồ Chí Minh",lâm ,2026-10-03T01:39:13.218Z,https://xe.chotot.com/mua-ban-xe-may/134426063.htm,2026-10-03T02:03:58.606Z,Crawled
134676972,"Honda Wave A 110cc 2019 Trắng,bstp,chính chủ",Honda,10500000,Xe số,Đã sử dụng,Bán chuyên,Wave,2019,157674,100 - 175 cc,"Phường Phú Thọ Hòa, Quận Tân Phú, Tp Hồ Chí Minh",Thân thi hương ,2026-10-03T01:39:08.175Z,https://xe.chotot.com/mua-ban-xe-may/134676972.htm,2026-10-03T02:03:59.304Z,Crawled
134880456,Xe honda wave 50cc bst ko cần bằng lái hs-sv,Detech,6000000,Xe số,Đã sử dụng,Bán chuyên,Dòng khác,2017,56000,Dưới 50 cc,"Xã Đông Thạnh, Huyện Hóc Môn, Tp Hồ Chí Minh",An,2026-10-03T01:38:42.909Z,https://xe.chotot.com/mua-ban-xe-may/134880456.htm,2026-10-03T02:04:00.222Z,Crawled
129402789,cần bán sh 150i chinh chủ đứng tên bán,Honda,111111111,Tay ga,Đã sử dụng,Bán chuyên,SH,2010,29000,100 - 175 cc,"Xã Bình Hưng, Huyện Bình Chánh, Tp Hồ Chí Minh",Quốc Bảo ,2026-10-03T01:38:22.763Z,https://xe.chotot.com/mua-ban-xe-may/129402789.htm,2026-10-03T02:04:01.082Z,Crawled
134975243,AIR BLADE Fi XE NGON CHẠY TỐT MÁY ÊM GA MẠNH KOKÊU,Honda,6900000,Tay ga,Đã sử dụng,Bán chuyên,Air Blade,2011,25000,,"Phường Trung Mỹ Tây, Quận 12, Tp Hồ Chí Minh",hung,2026-10-03T01:37:57.467Z,https://xe.chotot.com/mua-ban-xe-may/134975243.htm,2026-10-03T02:04:02.000Z,Crawled
134958723,Honda SH Mode 2026 Tự động Bạc đen,Honda,65500000,Tay ga,Đã sử dụng,,SH Mode,2026,0,100 - 175 cc,"Xã Vĩnh Lộc, Huyện Bình Chánh, Tp Hồ Chí Minh",Long Hoang,2026-10-03T01:37:57.459Z,https://xe.chotot.com/mua-ban-xe-may/134958723.htm,2026-10-03T02:04:03.416Z,Crawled
132181456,"cub 50 2021,đèn led bánh mâm. Chính chủ công chứng",Honda,8900000,Xe số,Đã sử dụng,Bán chuyên,Cub,2021,25000,Dưới 50 cc,"Phường Bình Thạnh, Quận Bình Thạnh, Tp Hồ Chí Minh",Lê Nhân,2026-10-03T01:37:52.408Z,https://xe.chotot.com/mua-ban-xe-may/132181456.htm,2026-10-03T02:04:04.148Z,Crawled
131419822,"KAWASAKIBOSS 174.SX 2008,ODO 20K.XE ĐẸP,ĐỒ THEO XE",Kawasaki,61626366,Tay côn/Moto,Đã sử dụng,Bán chuyên,Boss,2008,20126,100 - 175 cc,"Phường Cầu Kiệu, Quận Phú Nhuận, Tp Hồ Chí Minh",MOTO LUU THANH HAI  77A,2026-10-03T01:37:01.968Z,https://xe.chotot.com/mua-ban-xe-may/131419822.htm,2026-10-03T02:04:06.079Z,Crawled
134633957,"KTM DUKE 790 ODO 23.000KM, BSSG giá 175tr",KTM,175000000,Tay côn/Moto,Đã sử dụng,,Dòng khác,2022,23000,Trên 175 cc,"Phường Tân Sơn Nhì, Quận Tân Phú, Tp Hồ Chí Minh",Michael Jeans Chi,2026-10-03T01:37:01.963Z,https://xe.chotot.com/mua-ban-xe-may/134633957.htm,2026-10-03T02:04:06.777Z,Crawled
134924595,LEAD Fi ĐK2011 MÁY NGON XE BỀN CHẠY TỐT ÊM MẠNH,Honda,6500000,Tay ga,Đã sử dụng,Bán chuyên,Lead,2011,25000,,"Phường Trung Mỹ Tây, Quận 12, Tp Hồ Chí Minh",dung,2026-10-03T01:36:56.856Z,https://xe.chotot.com/mua-ban-xe-may/134924595.htm,2026-10-03T02:04:07.610Z,Crawled
133978329,Honda Vision Phiên Bản đặc biệt 2024 Đen 13000km,Honda,31800000,Tay ga,Đã sử dụng,Bán chuyên,Vision,2024,13000,100 - 175 cc,"Phường Tân Hưng, Quận 7, Tp Hồ Chí Minh",Xe Máy Khang Khang,2026-10-03T01:36:06.505Z,https://xe.chotot.com/mua-ban-xe-may/133978329.htm,2026-10-03T02:04:08.339Z,Crawled
134860761,WAVES HONĐA BSTP CHẠY NGON RẺ MÁY ÊM MẠNH GA GIOỌC,Honda,5200000,Xe số,Đã sử dụng,Bán chuyên,Wave,2010,25000,,"Phường Trung Mỹ Tây, Quận 12, Tp Hồ Chí Minh",thanh,2026-10-03T01:35:21.063Z,https://xe.chotot.com/mua-ban-xe-may/134860761.htm,2026-10-03T02:04:09.262Z,Crawled
134150348,♻️Yamaha R15 150cc 2019 Vàng 6000 km BSTP chính chủ,Yamaha,33500000,Tay côn/Moto,Đã sử dụng,Bán chuyên,R,2019,6000,100 - 175 cc,"Phường Tăng Nhơn Phú, Thành phố Thủ Đức, Tp Hồ Chí Minh",XE MÁY QUẬN 9,2026-10-03T01:34:55.770Z,https://xe.chotot.com/mua-ban-xe-may/134150348.htm,2026-10-03T02:04:10.003Z,Crawled
134884209,Yamaha Nozza Vàng kem Xe tay ga,Yamaha,5300000,Tay ga,Đã sử dụng,Bán chuyên,Nozza,2013,8652,100 - 175 cc,"Phường Đức Nhuận, Quận Phú Nhuận, Tp Hồ Chí Minh",tung lam,2026-10-03T01:34:45.667Z,https://xe.chotot.com/mua-ban-xe-may/134884209.htm,2026-10-03T02:04:10.695Z,Crawled
134918029,🌈TPHCM PRITI50cc EFI Xăng điện tử ..odo 7000km🥰 ,SYM,18000000,Tay ga,Đã sử dụng,Bán chuyên,Shark,2024,7000,Dưới 50 cc,"Phường Tam Bình, Thành phố Thủ Đức, Tp Hồ Chí Minh",MotoGiáRẻTPHCM,2026-10-03T01:34:40.659Z,https://xe.chotot.com/mua-ban-xe-may/134918029.htm,2026-10-03T02:04:11.391Z,Crawled
134554573,vespa 150,Piaggio,32000000,Tay ga,Đã sử dụng,Bán chuyên,Vespa,2015,0,,"Xã Bà Điểm, Huyện Hóc Môn, Tp Hồ Chí Minh",xe máy Tùng Liên ,2026-10-03T01:34:15.415Z,https://xe.chotot.com/mua-ban-xe-may/134554573.htm,2026-10-03T02:04:12.101Z,Crawled
135013821,Honda Rebel 300  Đỏ BSSG ,Honda,82800000,Tay côn/Moto,Đã sử dụng,Bán chuyên,Rebel 300,2023,30000,,"Phường Linh Xuân, Thành phố Thủ Đức, Tp Hồ Chí Minh",CHIẾN MOTOR,2026-10-03T01:34:00.188Z,https://xe.chotot.com/mua-ban-xe-may/135013821.htm,2026-10-03T02:04:12.797Z,Crawled
134699331,🌈 Future LED 2024 Trắng đỏ - Nợ Sấu TT 10🍠 Nhận Xe,Honda,29500000,Xe số,Đã sử dụng,Bán chuyên,Future,2024,12659,,"Phường Hiệp Bình, Thành phố Thủ Đức, Tp Hồ Chí Minh",Xe Máy Trường Thịnh,2026-10-03T01:34:00.156Z,https://xe.chotot.com/mua-ban-xe-may/134699331.htm,2026-10-03T02:04:13.500Z,Crawled
132292919,VARIO 125 2018 BẠC POSCHER MÁY ZIN BSTP CHÍNH CHỦ,Honda,50500000,Tay ga,Đã sử dụng,Bán chuyên,Vario,2018,0,100 - 175 cc,"Phường Tam Bình, Thành phố Thủ Đức, Tp Hồ Chí Minh",XE MÁY CỦ ,2026-10-03T01:33:49.985Z,https://xe.chotot.com/mua-ban-xe-may/132292919.htm,2026-10-03T02:04:14.214Z,Crawled
134778673,Honda AB 125 2016 BSTP nguyên zin chính chủ,Honda,24800000,Tay ga,Đã sử dụng,Bán chuyên,Air Blade,2016,30000,100 - 175 cc,"Phường Đông Hưng Thuận, Quận 12, Tp Hồ Chí Minh",XE MÁY HẢI THANH,2026-10-03T01:33:39.914Z,https://xe.chotot.com/mua-ban-xe-may/134778673.htm,2026-10-03T02:04:14.905Z,Crawled
135011502,NO5 Fi CHẠY NGON 125 CỰC MẠNH ĐI NGON BỀN ĐẸP RẺ,Yamaha,3900000,Tay ga,Đã sử dụng,Bán chuyên,Nouvo,2013,25000,,"Phường Trung Mỹ Tây, Quận 12, Tp Hồ Chí Minh",dung,2026-10-03T01:33:29.836Z,https://xe.chotot.com/mua-ban-xe-may/135011502.htm,2026-10-03T02:04:15.654Z,Crawled
134845506,Honda SH150 2018 Đen sports chính chủ,Honda,57000000,Tay ga,Đã sử dụng,Bán chuyên,SH,2018,24348,,"Phường Tây Thạnh, Quận Tân Phú, Tp Hồ Chí Minh",TÂN HƯƠNG,2026-10-03T01:33:24.784Z,https://xe.chotot.com/mua-ban-xe-may/134845506.htm,2026-10-03T02:04:16.359Z,Crawled
134860646,WAVE HÀN MÁY NGON ÊM XE RẺ ĐỀ OK CAVET ĐỦ ÊM MẠNH,Honda,3800000,Xe số,Đã sử dụng,Bán chuyên,Wave,2009,25000,,"Phường Trung Mỹ Tây, Quận 12, Tp Hồ Chí Minh",dung,2026-10-03T01:33:09.685Z,https://xe.chotot.com/mua-ban-xe-may/134860646.htm,2026-10-03T02:04:17.050Z,Crawled
132339064,Honda Lead 2015 Xanh Nâu BS tứ quý 55558,Honda,29800000,Tay ga,Đã sử dụng,Bán chuyên,Lead,2015,15764,,"Phường Tây Thạnh, Quận Tân Phú, Tp Hồ Chí Minh",TÂN HƯƠNG,2026-10-03T01:32:37.000Z,https://xe.chotot.com/mua-ban-xe-may/132339064.htm,2026-10-03T02:04:17.812Z,Crawled
134336720,Wave A Hàn Máy Êm Khoẻ Gtdd Cavet Hợp Lệ ,Honda,3500000,Xe số,Đã sử dụng,Bán chuyên,Wave,2010,24678,100 - 175 cc,"Phường Tam Bình, Thành phố Thủ Đức, Tp Hồ Chí Minh",Kim Thoa,2026-10-03T01:32:24.264Z,https://xe.chotot.com/mua-ban-xe-may/134336720.htm,2026-10-03T02:04:18.511Z,Crawled
135029396,Yamaha NVX 2017 Trắng Tự động 28000 km,Yamaha,18000000,Tay ga,Đã sử dụng,,Nvx,2017,28000,100 - 175 cc,"Phường Bình Quới, Quận Bình Thạnh, Tp Hồ Chí Minh",Mcafe,2026-10-03T01:32:16.000Z,https://xe.chotot.com/mua-ban-xe-may/135029396.htm,2026-10-03T02:04:19.202Z,Crawled
132472496,Honda Vision 2022 Bản đặc biệt cam - đen chính chủ,Honda,25500000,Tay ga,Đã sử dụng,Bán chuyên,Vision,2022,23459,100 - 175 cc,"Phường Tây Thạnh, Quận Tân Phú, Tp Hồ Chí Minh",TÂN HƯƠNG,2026-10-03T01:32:12.000Z,https://xe.chotot.com/mua-ban-xe-may/132472496.htm,2026-10-03T02:04:21.074Z,Crawled
135002233,Honda Air Blade FI 2011 Đỏ,Honda,5600000,Tay ga,Đã sử dụng,,Air Blade,2011,12345,100 - 175 cc,"Xã Hóc Môn, Huyện Hóc Môn, Tp Hồ Chí Minh",Ngoc Nguyen,2026-10-03T01:31:43.870Z,https://xe.chotot.com/mua-ban-xe-may/135002233.htm,2026-10-03T02:04:21.805Z,Crawled
135029377,💥YAMAHA EXCITER  CHÍNH CHỦ ( Có Góp ),Yamaha,29500000,Tay côn/Moto,Đã sử dụng,Bán chuyên,Exciter,2022,1,,"Phường Tăng Nhơn Phú, Thành phố Thủ Đức, Tp Hồ Chí Minh",XE MÁY QUẬN 9,2026-10-03T01:31:29.000Z,https://xe.chotot.com/mua-ban-xe-may/135029377.htm,2026-10-03T02:04:22.554Z,Crawled
134193590,Honda Air Blade 125 2020 Đỏ 22000 km,Honda,30800000,Tay ga,Đã sử dụng,Bán chuyên,Air Blade,2020,22000,,"Phường Vườn Lài, Quận 10, Tp Hồ Chí Minh",vuong huynh,2026-10-03T01:31:08.604Z,https://xe.chotot.com/mua-ban-xe-may/134193590.htm,2026-10-03T02:04:23.294Z,Crawled
134721389,Future Neo Honda màu đen xám,Honda,22200000,Xe số,Đã sử dụng,,Future,2006,500000,50 - 100 cc,"Phường An Hội Đông, Quận Gò Vấp, Tp Hồ Chí Minh",Nguyễn Ngọc Tiệp,2026-10-03T01:30:18.059Z,https://xe.chotot.com/mua-ban-xe-may/134721389.htm,2026-10-03T02:04:24.139Z,Crawled
134482473,Yamaha Exciter 135cc 2014 .PXL úp LC - Hỗ Trợ Góp,Yamaha,12800000,Tay côn/Moto,Đã sử dụng,Bán chuyên,Exciter,2014,12345,100 - 175 cc,"Phường An Hội Tây, Quận Gò Vấp, Tp Hồ Chí Minh",CẦM ĐỒ NĂM LINH,2026-10-03T01:30:02.916Z,https://xe.chotot.com/mua-ban-xe-may/134482473.htm,2026-10-03T02:04:25.972Z,Crawled
134304433,Kymco Candy 50cc 2016 Đỏ 27000km Zin100% bs.tp,Kymco,7700000,Tay ga,Đã sử dụng,Bán chuyên,Dòng khác,2016,27000,Dưới 50 cc,"Phường Bình Hưng Hòa, Quận Bình Tân, Tp Hồ Chí Minh",Anh khuê,2026-10-03T01:30:02.912Z,https://xe.chotot.com/mua-ban-xe-may/134304433.htm,2026-10-03T02:04:26.702Z,Crawled
135012064,Yamaha Freego S 125 ABS 2019 Xám,Yamaha,15800000,Tay ga,Đã sử dụng,,Freego,2019,48888,100 - 175 cc,"Phường Hạnh Thông, Quận Gò Vấp, Tp Hồ Chí Minh",Nguyễn Tuấn,2026-10-03T01:30:02.818Z,https://xe.chotot.com/mua-ban-xe-may/135012064.htm,2026-10-03T02:04:27.404Z,Crawled
131433127,Yamaha Grande 2015 Trắng,Yamaha,15500000,Tay ga,Đã sử dụng,Bán chuyên,Grande,2015,123456,,"Phường Tân Thuận, Quận 7, Tp Hồ Chí Minh",Trung Anh,2026-10-03T01:29:42.658Z,https://xe.chotot.com/mua-ban-xe-may/131433127.htm,2026-10-03T02:04:28.113Z,Crawled
134766365,Honda Dream Nâu,Honda,7720000,Xe số,Đã sử dụng,Bán chuyên,Dream,2004,5555,,"Xã Xuân Thới Sơn, Huyện Hóc Môn, Tp Hồ Chí Minh",Huy xe cỏ,2026-10-03T01:29:27.560Z,https://xe.chotot.com/mua-ban-xe-may/134766365.htm,2026-10-03T02:04:28.841Z,Crawled
134898720,"Sirius RC 2019,bs trà vinh,bao tranh chấp,odo 20k",Yamaha,10500000,Xe số,Đã sử dụng,Bán chuyên,Sirius,2019,20000,,"Phường Phú Thọ Hòa, Quận Tân Phú, Tp Hồ Chí Minh",Thân thi hương ,2026-10-03T01:29:07.334Z,https://xe.chotot.com/mua-ban-xe-may/134898720.htm,2026-10-03T02:04:29.670Z,Crawled
134937028,SYM Attila Alizabeth FI 2015 Đỏ,SYM,6500000,Tay ga,Đã sử dụng,Bán chuyên,Elizabeth,2015,39,,"Phường Bình Thạnh, Quận Bình Thạnh, Tp Hồ Chí Minh",Trần Long,2026-10-03T01:28:26.887Z,https://xe.chotot.com/mua-ban-xe-may/134937028.htm,2026-10-03T02:04:30.390Z,Crawled
134906144,cần bán sh 150i nhập ý 2007,Honda,33000000,Tay ga,Đã sử dụng,Bán chuyên,SH,2007,64000,,"Xã Hưng Long, Huyện Bình Chánh, Tp Hồ Chí Minh",Quốc Bảo ,2026-10-03T01:28:21.863Z,https://xe.chotot.com/mua-ban-xe-may/134906144.htm,2026-10-03T02:04:31.116Z,Crawled
134349923,NO5 Fi 125BAO MẠNH XE ĐẸP MÁY ÊM NGON CHẠY BỀNTỐT,Yamaha,5300000,Tay ga,Đã sử dụng,Bán chuyên,Nouvo,2013,25000,,"Phường Trung Mỹ Tây, Quận 12, Tp Hồ Chí Minh",hung,2026-10-03T01:28:01.587Z,https://xe.chotot.com/mua-ban-xe-may/134349923.htm,2026-10-03T02:04:31.829Z,Crawled
134999984,Vespa 50cc Xám 2024 số đẹp 03339,Piaggio,11500000,Tay ga,Đã sử dụng,Bán chuyên,Vespa,2024,3000,,"Xã Tân An Hội, Huyện Củ Chi, Tp Hồ Chí Minh",Vuvan kha,2026-10-03T01:27:56.519Z,https://xe.chotot.com/mua-ban-xe-may/134999984.htm,2026-10-03T02:04:32.762Z,Crawled
134649844,Super Cub Việt Thái 50cc 5/2026 Xám 600km,Honda,15900000,Xe số,Đã sử dụng,Bán chuyên,Cub,2025,600,Dưới 50 cc,"Phường Bình Thạnh, Quận Bình Thạnh, Tp Hồ Chí Minh",Lê Nhân,2026-10-03T01:27:51.514Z,https://xe.chotot.com/mua-ban-xe-may/134649844.htm,2026-10-03T02:04:33.543Z,Crawled
134789907,Piaggio Vespa 2013 Trắng,Piaggio,8600000,Tay ga,Đã sử dụng,Bán chuyên,Vespa,2013,45213,,"Xã Vĩnh Lộc, Huyện Bình Chánh, Tp Hồ Chí Minh",Thanh do,2026-10-03T01:27:21.260Z,https://xe.chotot.com/mua-ban-xe-may/134789907.htm,2026-10-03T02:04:34.284Z,Crawled
135029308,💜 Honda citi chở hàng phuộc hơi đề máy êm 🩵,Honda,6500000,Xe số,Đã sử dụng,Bán chuyên,Citi,2008,50000,50 - 100 cc,"Phường Tân Thới Hiệp, Quận 12, Tp Hồ Chí Minh",Ngoc Nguyen ,2026-10-03T01:27:12.000Z,https://xe.chotot.com/mua-ban-xe-may/135029308.htm,2026-10-03T02:04:34.974Z,Crawled
134870392,SIRIUS Fi MÁY NGON CHẠY MẠNH ĐI BỀN XE TỐT GIÁ RẺ,Yamaha,7300000,Xe số,Đã sử dụng,Bán chuyên,Sirius,2016,25000,,"Phường Trung Mỹ Tây, Quận 12, Tp Hồ Chí Minh",dung,2026-10-03T01:26:56.038Z,https://xe.chotot.com/mua-ban-xe-may/134870392.htm,2026-10-03T02:04:35.871Z,Crawled
134883819,Honda Lead 125cc Xanh băng 13000 km,Honda,37500000,Tay ga,Đã sử dụng,Bán chuyên,Lead,2022,13000,100 - 175 cc,"Phường Tân Hưng, Quận 7, Tp Hồ Chí Minh",Xe Máy Khang Khang,2026-10-03T01:26:05.616Z,https://xe.chotot.com/mua-ban-xe-may/134883819.htm,2026-10-03T02:04:36.621Z,Crawled
135029287,Honda Future 2024 Xanh đen 5000km,Honda,29000000,Xe số,Đã sử dụng,,Future,2024,5000,100 - 175 cc,"Xã Bình Hưng, Huyện Bình Chánh, Tp Hồ Chí Minh",Tân Ngọc,2026-10-03T01:25:51.000Z,https://xe.chotot.com/mua-ban-xe-may/135029287.htm,2026-10-03T02:04:38.556Z,Crawled
134975077,💥YAMAHA SIRIUS BSTP ➖ Giấy tờ đầy đủ,Yamaha,6800000,Xe số,Đã sử dụng,Bán chuyên,Sirius,2017,1,,"Phường Tăng Nhơn Phú, Thành phố Thủ Đức, Tp Hồ Chí Minh",XE MÁY QUẬN 9,2026-10-03T01:24:54.918Z,https://xe.chotot.com/mua-ban-xe-may/134975077.htm,2026-10-03T02:04:39.276Z,Crawled
134957635,Suzuki Hayate FI Trắng,Suzuki,4600000,Tay ga,Đã sử dụng,Bán chuyên,Hayate,2014,8952,100 - 175 cc,"Phường Đức Nhuận, Quận Phú Nhuận, Tp Hồ Chí Minh",tung lam,2026-10-03T01:24:44.819Z,https://xe.chotot.com/mua-ban-xe-may/134957635.htm,2026-10-03T02:04:39.998Z,Crawled
135029265,Stallions Cafe Mega Cổ điển màu Đen,Motor Thái,14000000,Tay côn/Moto,Đã sử dụng,,Dòng khác,2019,30000,100 - 175 cc,"Xã Bình Hưng, Huyện Bình Chánh, Tp Hồ Chí Minh",Khánh Lê,2026-10-03T01:24:38.000Z,https://xe.chotot.com/mua-ban-xe-may/135029265.htm,2026-10-03T02:04:40.763Z,Crawled
133477988,Honda Cub nữ hoàng  dành cho học sinh sinh viên,Honda,9000000,Xe số,Đã sử dụng,,Cub,1999,36969,Dưới 50 cc,"Phường Bình Hưng Hòa, Quận Bình Tân, Tp Hồ Chí Minh",Linh Như,2026-10-03T01:24:29.734Z,https://xe.chotot.com/mua-ban-xe-may/133477988.htm,2026-10-03T02:04:41.728Z,Crawled
134249318,pcx 125 / 2018,Honda,36800000,Tay ga,Đã sử dụng,Bán chuyên,PCX,2018,0,100 - 175 cc,"Xã Bà Điểm, Huyện Hóc Môn, Tp Hồ Chí Minh",xe máy Tùng Liên ,2026-10-03T01:24:14.610Z,https://xe.chotot.com/mua-ban-xe-may/134249318.htm,2026-10-03T02:04:42.837Z,Crawled
135017610,Honda CBR650R 2023 Đỏ đen 9000km,Honda,209000000,Tay côn/Moto,Đã sử dụng,Bán chuyên,CBR,2023,9000,Trên 175 cc,"Phường Bình Thạnh, Quận Bình Thạnh, Tp Hồ Chí Minh",Danh Nguyen ,2026-10-03T01:24:04.468Z,https://xe.chotot.com/mua-ban-xe-may/135017610.htm,2026-10-03T02:04:43.759Z,Crawled
134613002,🌈 Airblade 125 2013 Đỏ trắng 35325 km Bao Zin Êm,Honda,14500000,Tay ga,Đã sử dụng,Bán chuyên,Air Blade,2013,35325,100 - 175 cc,"Phường Hiệp Bình, Thành phố Thủ Đức, Tp Hồ Chí Minh",Xe Máy Trường Thịnh,2026-10-03T01:23:59.485Z,https://xe.chotot.com/mua-ban-xe-may/134613002.htm,2026-10-03T02:04:46.440Z,Crawled
128272108,VESPA SPRINT 2018 Note Đen Nhám BSTP Chính Chủ,Piaggio,43500000,Tay ga,Đã sử dụng,Bán chuyên,Vespa,2019,0,100 - 175 cc,"Phường Tam Bình, Thành phố Thủ Đức, Tp Hồ Chí Minh",Hiếu ,2026-10-03T01:23:49.316Z,https://xe.chotot.com/mua-ban-xe-may/128272108.htm,2026-10-03T02:04:49.485Z,Crawled
135029250,Honda SH125i CBS 2026 Trắng 3000km,Honda,78000000,Tay ga,Đã sử dụng,,SH,2025,3000,,"Phường Phú Lâm, Quận 6, Tp Hồ Chí Minh",Phạm Ngọc Thuận,2026-10-03T01:23:43.000Z,https://xe.chotot.com/mua-ban-xe-may/135029250.htm,2026-10-03T02:04:52.481Z,Crawled
134646623,SIRIUS ĐK2015 MÁY ZIN BÁNH MÂM CHẠY MẠNH ÊM BỀNtốt,Yamaha,7800000,Xe số,Đã sử dụng,Bán chuyên,Sirius,2015,25000,,"Phường Trung Mỹ Tây, Quận 12, Tp Hồ Chí Minh",dung,2026-10-03T01:23:29.157Z,https://xe.chotot.com/mua-ban-xe-may/134646623.htm,2026-10-03T02:04:55.550Z,Crawled
135029238,Honda Future 2023 Xanh 14000 km,Honda,26900000,Xe số,Đã sử dụng,Bán chuyên,Future,2023,14000,,"Phường Bình Tiên, Quận 6, Tp Hồ Chí Minh",Trường Sơn honda,2026-10-03T01:23:13.000Z,https://xe.chotot.com/mua-ban-xe-may/135029238.htm,2026-10-03T02:04:58.488Z,Crawled
134088228,WAVE RSX BIỂN59 MÁY ZIN CHẠY BỀN ÊM MẠNH KO KÊU HÚ,Honda,6700000,Xe số,Đã sử dụng,Bán chuyên,Wave,2010,25000,,"Phường Trung Mỹ Tây, Quận 12, Tp Hồ Chí Minh",dung,2026-10-03T01:23:08.969Z,https://xe.chotot.com/mua-ban-xe-may/134088228.htm,2026-10-03T02:05:01.504Z,Crawled
134952396,Xe máy màu Xanh Hàng Quốc,BMX,4300000,Xe số,Đã sử dụng,Bán chuyên,Dòng khác,2015,4000,,"Phường Tăng Nhơn Phú, Thành phố Thủ Đức, Tp Hồ Chí Minh",minh,2026-10-03T01:23:03.888Z,https://xe.chotot.com/mua-ban-xe-may/134952396.htm,2026-10-03T02:05:03.792Z,Crawled
135018168,Honda Air Blade 209 đep Nguyên zin. tp. chính chủ ,Honda,5900000,Tay ga,Đã sử dụng,Bán chuyên,Air Blade,2009,39000,,"Phường Phú Thọ Hòa, Quận Tân Phú, Tp Hồ Chí Minh",Phan Tấn,2026-10-03T01:23:03.813Z,https://xe.chotot.com/mua-ban-xe-may/135018168.htm,2026-10-03T02:05:04.491Z,Crawled
135029231,Honda Chaly bản số đẹp,Honda,5500000,Xe số,Đã sử dụng,,Chaly,1999,6868,,"Xã Đông Thạnh, Huyện Hóc Môn, Tp Hồ Chí Minh",Tèo Hóc Môn,2026-10-03T01:22:49.000Z,https://xe.chotot.com/mua-ban-xe-may/135029231.htm,2026-10-03T02:05:05.203Z,Crawled
134608505,Honda Wave S110 Máy Cực Êm Khoẻ Gtdd Chính chủ,Honda,6300000,Xe số,Đã sử dụng,Bán chuyên,Wave,2013,45678,100 - 175 cc,"Phường Tam Bình, Thành phố Thủ Đức, Tp Hồ Chí Minh",Kim Thoa,2026-10-03T01:22:23.440Z,https://xe.chotot.com/mua-ban-xe-may/134608505.htm,2026-10-03T02:05:05.919Z,Crawled
133459875,Honda Future Neo 2006,Honda,18000000,Xe số,Đã sử dụng,,Future,2010,550000,100 - 175 cc,"Xã Hưng Long, Huyện Bình Chánh, Tp Hồ Chí Minh",Tiệp Nguyễn,2026-10-03T01:22:03.284Z,https://xe.chotot.com/mua-ban-xe-may/133459875.htm,2026-10-03T02:05:06.621Z,Crawled
134944793,gia đình cần bán xe HONDA 2017  Rin nguyên bản  ,Honda,8600000,Xe số,Đã sử dụng,,Blade,2017,1212,,"Xã Bà Điểm, Huyện Hóc Môn, Tp Hồ Chí Minh",Lê Thị Thanh ,2026-10-03T01:21:12.767Z,https://xe.chotot.com/mua-ban-xe-may/134944793.htm,2026-10-03T02:05:08.487Z,Crawled
135013482,Kawasaki W175  màu Đen,Kawasaki,38000000,Tay côn/Moto,Đã sử dụng,Bán chuyên,W175,2018,30000,,"Phường Linh Xuân, Thành phố Thủ Đức, Tp Hồ Chí Minh",CHIẾN MOTOR,2026-10-03T01:21:02.672Z,https://xe.chotot.com/mua-ban-xe-may/135013482.htm,2026-10-03T02:05:09.200Z,Crawled
134951639,Honda Wave 50cc 2026 Đen,Honda,8800000,Xe số,Đã sử dụng,Bán chuyên,Wave,2026,3248,Dưới 50 cc,"Phường Đông Hưng Thuận, Quận 12, Tp Hồ Chí Minh",Văn hồng ,2026-10-03T01:20:32.385Z,https://xe.chotot.com/mua-ban-xe-may/134951639.htm,2026-10-03T02:05:09.913Z,Crawled
134459186,Honda Vario 150cc 2019 .ĐK 2019 - HỖ TRỢ GÓP,Honda,33800000,Tay ga,Đã sử dụng,Bán chuyên,Vario,2019,12345,100 - 175 cc,"Phường An Hội Tây, Quận Gò Vấp, Tp Hồ Chí Minh",CẦM ĐỒ NĂM LINH,2026-10-03T01:20:02.116Z,https://xe.chotot.com/mua-ban-xe-may/134459186.htm,2026-10-03T02:05:10.623Z,Crawled
134756650,Honda Lead Fi 2011 Đỏ SD 59000km Bs.68 đẹp,Honda,5900000,Tay ga,Đã sử dụng,Bán chuyên,Lead,2011,59000,,"Phường Bình Hưng Hòa, Quận Bình Tân, Tp Hồ Chí Minh",Anh khuê,2026-10-03T01:20:02.028Z,https://xe.chotot.com/mua-ban-xe-may/134756650.htm,2026-10-03T02:05:11.343Z,Crawled
135021345,Vespa Sprint 2014 BSTP - GÓP ĐƯA 0đ,Piaggio,28000000,Tay ga,Đã sử dụng,Bán chuyên,Sprint,2014,30000,,"Phường Chánh Hưng, Quận 8, Tp Hồ Chí Minh",XE MÁY NGUYỄN MINH SƠN,2026-10-03T01:20:01.969Z,https://xe.chotot.com/mua-ban-xe-may/135021345.htm,2026-10-03T02:05:12.056Z,Crawled
130031005,JANUS 2018 SMARTKEY,Yamaha,12300000,Tay ga,Đã sử dụng,Bán chuyên,Janus,2018,123456,100 - 175 cc,"Phường Tân Thuận, Quận 7, Tp Hồ Chí Minh",Trung Anh,2026-10-03T01:19:46.766Z,https://xe.chotot.com/mua-ban-xe-may/130031005.htm,2026-10-03T02:05:12.770Z,Crawled
131604598,"Airblade 2023 125cc,4 vie,khoá smk,bstp,chính chủ",Honda,34500000,Tay ga,Đã sử dụng,Bán chuyên,Air Blade,2023,8000,100 - 175 cc,"Phường Bảy Hiền, Quận Tân Bình, Tp Hồ Chí Minh",Thân thi hương ,2026-10-03T01:19:38.000Z,https://xe.chotot.com/mua-ban-xe-may/131604598.htm,2026-10-03T02:05:13.493Z,Crawled
134010537,"EXCITER 50 2023 dùng cho học sinh, chính chủ, Tp",Detech,9800000,Xe số,Đã sử dụng,Bán chuyên,Espero,2023,20000,,"Phường Tân Sơn Nhì, Quận Tân Phú, Tp Hồ Chí Minh",Cửa hàng xe máy Nam Trang,2026-10-03T01:19:36.706Z,https://xe.chotot.com/mua-ban-xe-may/134010537.htm,2026-10-03T02:05:14.218Z,Crawled
134860193,Honda Wave S110 2013 Đen,Honda,6720000,Xe số,Đã sử dụng,Bán chuyên,Wave,2013,55555,,"Xã Xuân Thới Sơn, Huyện Hóc Môn, Tp Hồ Chí Minh",Huy xe cỏ,2026-10-03T01:19:31.655Z,https://xe.chotot.com/mua-ban-xe-may/134860193.htm,2026-10-03T02:05:14.980Z,Crawled
134676539,"bán Air Blade 125c đk 2017,đèn lét,pbđb,bs đẹp,btc",Honda,18500000,Tay ga,Đã sử dụng,Bán chuyên,Air Blade,2017,27521,,"Phường Phú Thọ Hòa, Quận Tân Phú, Tp Hồ Chí Minh",Thân thi hương ,2026-10-03T01:19:06.486Z,https://xe.chotot.com/mua-ban-xe-may/134676539.htm,2026-10-03T02:05:15.854Z,Crawled
134933488,Honda Air Blade 2026 Đen 1531 km,Honda,40000000,Tay ga,Đã sử dụng,,Air Blade,2026,1531,,"Phường Trung Mỹ Tây, Quận 12, Tp Hồ Chí Minh",Pham Minh Duc,2026-10-03T01:18:56.318Z,https://xe.chotot.com/mua-ban-xe-may/134933488.htm,2026-10-03T02:05:16.576Z,Crawled
134663212,Xe máy điện VinFast Vero X Đen 600 km,VinFast,28000000,Xe máy điện,Đã sử dụng,,Vero X,2026,600,,"Phường An Lạc, Quận Bình Tân, Tp Hồ Chí Minh",Hùng,2026-10-03T01:18:31.107Z,https://xe.chotot.com/mua-ban-xe-may/134663212.htm,2026-10-03T02:05:17.286Z,Crawled
126264057,shmode 2023 thắng ABS chạy 2 ngàn km mới 99%,Honda,56000000,Tay ga,Đã sử dụng,Bán chuyên,SH Mode,2023,2000,,"Phường Chánh Hưng, Quận 8, Tp Hồ Chí Minh",A. Hải,2026-10-03T01:18:21.059Z,https://xe.chotot.com/mua-ban-xe-may/126264057.htm,2026-10-03T02:05:18.000Z,Crawled
135029126,Honda Air Blade 110cc Fi 2010 Đen,Honda,9500000,Tay ga,Đã sử dụng,Bán chuyên,Air Blade,2010,20000,100 - 175 cc,"Phường Bình Tân, Quận Bình Tân, Tp Hồ Chí Minh",Cường phát ,2026-10-03T01:17:01.000Z,https://xe.chotot.com/mua-ban-xe-may/135029126.htm,2026-10-03T02:05:18.694Z,Crawled
134941508,WAVE RSX Fi BIỂN59 MÁY ZIN XE ĐẸP BÁNH MÂM CỰC ÊM,Honda,9300000,Xe số,Đã sử dụng,Bán chuyên,Wave,2017,25000,,"Phường Trung Mỹ Tây, Quận 12, Tp Hồ Chí Minh",dung,2026-10-03T01:16:55.019Z,https://xe.chotot.com/mua-ban-xe-may/134941508.htm,2026-10-03T02:05:19.398Z,Crawled
134883068,Honda Vario 2018 Trắng  150ccnhập khẩu  bstp,Honda,25500000,Tay ga,Đã sử dụng,Bán chuyên,Vario,2018,510000,,"Phường Tây Thạnh, Quận Tân Phú, Tp Hồ Chí Minh",Hhen,2026-10-03T01:16:14.735Z,https://xe.chotot.com/mua-ban-xe-may/134883068.htm,2026-10-03T02:05:20.218Z,Crawled
134998011,Honda SH Mode 2017 Trắng Khóa Smartkey,Honda,33800000,Tay ga,Đã sử dụng,Bán chuyên,SH Mode,2017,27,100 - 175 cc,"Phường Tân Hưng, Quận 7, Tp Hồ Chí Minh",Xe Máy Khang Khang,2026-10-03T01:16:04.711Z,https://xe.chotot.com/mua-ban-xe-may/134998011.htm,2026-10-03T02:05:20.911Z,Crawled
135017668,Xe máy điện Yadea i8 2024 Xanh 400 km,Yadea,8800000,Xe máy điện,Đã sử dụng,Bán chuyên,i8,2024,400,,"Xã Bà Điểm, Huyện Hóc Môn, Tp Hồ Chí Minh",Kenny Đặng,2026-10-03T01:16:04.706Z,https://xe.chotot.com/mua-ban-xe-may/135017668.htm,2026-10-03T02:05:21.689Z,Crawled
134058189,🌈 SIRIUS 50 CC Máy Êm Chính Chủ Không Cần Bằng Lái,Yamaha,8500000,Xe số,Đã sử dụng,Bán chuyên,Sirius,2015,1,Dưới 50 cc,"Phường Tăng Nhơn Phú, Thành phố Thủ Đức, Tp Hồ Chí Minh",XE MÁY QUẬN 9,2026-10-03T01:14:53.920Z,https://xe.chotot.com/mua-ban-xe-may/134058189.htm,2026-10-03T02:05:23.736Z,Crawled
134932900,Honda Air Blade,Honda,3300000,Tay ga,Đã sử dụng,Bán chuyên,Air Blade,2007,79397,,"Phường An Nhơn, Quận Gò Vấp, Tp Hồ Chí Minh",Văn Phòng Phẩm,2026-10-03T01:14:48.906Z,https://xe.chotot.com/mua-ban-xe-may/134932900.htm,2026-10-03T02:05:24.434Z,Crawled
134983566,Piaggio Vespa LX Đen Xăng,Piaggio,4500000,Tay ga,Đã sử dụng,Bán chuyên,LX,2012,8652,100 - 175 cc,"Phường Đức Nhuận, Quận Phú Nhuận, Tp Hồ Chí Minh",tung lam,2026-10-03T01:14:43.805Z,https://xe.chotot.com/mua-ban-xe-may/134983566.htm,2026-10-03T02:05:25.168Z,Crawled
133952661,"ab 125 , hàng bỏ mẫu , đăng ký 2026",Honda,43500000,Tay ga,Đã sử dụng,Bán chuyên,Air Blade,2026,0,100 - 175 cc,"Xã Bà Điểm, Huyện Hóc Môn, Tp Hồ Chí Minh",xe máy Tùng Liên ,2026-10-03T01:14:18.638Z,https://xe.chotot.com/mua-ban-xe-may/133952661.htm,2026-10-03T02:05:25.903Z,Crawled
135019264,Honda Vision 2017 Đen,Honda,17800000,Tay ga,Đã sử dụng,Bán chuyên,Vision,2017,12900,,"Phường Chánh Hưng, Quận 8, Tp Hồ Chí Minh",Long Hải,2026-10-03T01:14:03.460Z,https://xe.chotot.com/mua-ban-xe-may/135019264.htm,2026-10-03T02:05:26.658Z,Crawled
134918279,🌈 Honda SH Mode ABS 2021 - Nợ Sấu TT 17🍠 Nhận Xe,Honda,49500000,Tay ga,Đã sử dụng,Bán chuyên,SH Mode,2021,20605,100 - 175 cc,"Phường Hiệp Bình, Thành phố Thủ Đức, Tp Hồ Chí Minh",Xe Máy Trường Thịnh,2026-10-03T01:14:03.387Z,https://xe.chotot.com/mua-ban-xe-may/134918279.htm,2026-10-03T02:05:27.382Z,Crawled
130439018,CUSTOM  125.HONDA  NHẬT.SX  1998. CỰC KỲ ĐẸP. ZIN,Honda,79797979,Tay côn/Moto,Đã sử dụng,Bán chuyên,Dòng khác,1998,16789,100 - 175 cc,"Phường Cầu Kiệu, Quận Phú Nhuận, Tp Hồ Chí Minh",MOTO LUU THANH HAI  77A,2026-10-03T01:13:58.358Z,https://xe.chotot.com/mua-ban-xe-may/130439018.htm,2026-10-03T02:05:28.103Z,Crawled
134865040,Viva Fi 2013 Xanh BSTP Chính Chủ,Suzuki,6200000,Xe số,Đã sử dụng,Bán chuyên,Viva,2013,20,,"Phường Tam Bình, Thành phố Thủ Đức, Tp Hồ Chí Minh",XE ĐẸP  GÓP BAO NỢ XẤU THỦ ĐỨC,2026-10-03T01:13:48.261Z,https://xe.chotot.com/mua-ban-xe-may/134865040.htm,2026-10-03T02:05:28.815Z,Crawled
135011574,SIRIUS ĐK2017 MÁY ZIN XE ĐẸP CHẠY NGON ÊM MẠNH BỀN,Yamaha,8500000,Xe số,Đã sử dụng,Bán chuyên,Sirius,2017,25000,Không biết rõ,"Phường Trung Mỹ Tây, Quận 12, Tp Hồ Chí Minh",dung,2026-10-03T01:13:28.086Z,https://xe.chotot.com/mua-ban-xe-may/135011574.htm,2026-10-03T02:05:29.545Z,Crawled
135029039,Yamaha Mio 2010 Ultimo Đen,Yamaha,4200000,Tay ga,Đã sử dụng,,Mio,2010,12345,100 - 175 cc,"Xã Hóc Môn, Huyện Hóc Môn, Tp Hồ Chí Minh",Ngoc Nguyen,2026-10-03T01:12:45.000Z,https://xe.chotot.com/mua-ban-xe-may/135029039.htm,2026-10-03T02:05:30.335Z,Crawled
134978903,Honda Chaly Cổ điển Đỏ Trắng,Honda,6500000,Xe số,Đã sử dụng,Bán chuyên,Chaly,1993,30000,,"Phường Tam Bình, Thành phố Thủ Đức, Tp Hồ Chí Minh",tem,2026-10-03T01:12:17.455Z,https://xe.chotot.com/mua-ban-xe-may/134978903.htm,2026-10-03T02:05:31.312Z,Crawled
134257997,Lambretta G350 Xám xi măng 1700km,Lambretta,159000000,Tay ga,Đã sử dụng,Bán chuyên,Dòng khác,2025,1700,,"Phường Bình Phú, Quận 6, Tp Hồ Chí Minh",Lê hân,2026-10-03T01:11:11.934Z,https://xe.chotot.com/mua-ban-xe-may/134257997.htm,2026-10-03T02:05:32.014Z,Crawled
135029014,Vinfast Feliz Neo 2025 Đỏ 9700km,VinFast,16500000,Tay ga,Đã sử dụng,Bán chuyên,Feliz Neo,2025,9700,Không biết rõ,"Phường Phú Thạnh, Quận Tân Phú, Tp Hồ Chí Minh",Tuệ Như,2026-10-03T01:11:10.000Z,https://xe.chotot.com/mua-ban-xe-may/135029014.htm,2026-10-03T02:05:32.724Z,Crawled
135029011,Honda Rebel 500 2021 Đen 7800km,Honda,129000000,Tay côn/Moto,Đã sử dụng,Bán chuyên,Rebel,2021,7800,,"Phường Bình Phú, Quận 6, Tp Hồ Chí Minh",Lê hân,2026-10-03T01:11:02.000Z,https://xe.chotot.com/mua-ban-xe-may/135029011.htm,2026-10-03T02:05:33.422Z,Crawled
135013645,Honda MSX125 2018 2000 km Đỏ,Honda,36800000,Tay côn/Moto,Đã sử dụng,Bán chuyên,MSX 125,2018,2000,100 - 175 cc,"Phường Linh Xuân, Thành phố Thủ Đức, Tp Hồ Chí Minh",CHIẾN MOTOR,2026-10-03T01:11:01.873Z,https://xe.chotot.com/mua-ban-xe-may/135013645.htm,2026-10-03T02:05:34.498Z,Crawled
134932459,"Honda Super Cub 50 Xanh, Trắng 50cc",Honda,7800000,Xe số,Đã sử dụng,Bán chuyên,CB,1990,123456,Dưới 50 cc,"Phường Đông Hưng Thuận, Quận 12, Tp Hồ Chí Minh",Văn hồng ,2026-10-03T01:10:31.567Z,https://xe.chotot.com/mua-ban-xe-may/134932459.htm,2026-10-03T02:05:35.502Z,Crawled
134329862,"Suzuki Hayate Trắng, Xanh",Suzuki,4300000,Tay ga,Đã sử dụng,Bán chuyên,Hayate,2008,56789,,"Phường Tân Sơn Nhì, Quận Tân Phú, Tp Hồ Chí Minh",Dương Đức,2026-10-03T01:10:16.409Z,https://xe.chotot.com/mua-ban-xe-may/134329862.htm,2026-10-03T02:05:36.482Z,Crawled
133630116,cần bán sirius 50cc 2021 ạ,Detech,7800000,Xe số,Đã sử dụng,Bán chuyên,Espero,2021,10000,Dưới 50 cc,"Phường An Khánh, Thành phố Thủ Đức, Tp Hồ Chí Minh",Huy TT,2026-10-03T01:10:06.336Z,https://xe.chotot.com/mua-ban-xe-may/133630116.htm,2026-10-03T02:05:37.505Z,Crawled
134128359,"Honda SH 125cc 2014, úp Full 2010 - BSTP Smarkey",Honda,44600000,Tay ga,Đã sử dụng,Bán chuyên,SH,2014,12345,100 - 175 cc,"Phường An Hội Tây, Quận Gò Vấp, Tp Hồ Chí Minh",CẦM ĐỒ NĂM LINH,2026-10-03T01:10:06.306Z,https://xe.chotot.com/mua-ban-xe-may/134128359.htm,2026-10-03T02:05:38.460Z,Crawled
131615021,HONDA AIR BLADE 125 FI 2017 ĐÈN LED,Honda,22600000,Tay ga,Đã sử dụng,Bán chuyên,Air Blade,2017,123456,100 - 175 cc,"Phường Tân Thuận, Quận 7, Tp Hồ Chí Minh",Trung Anh,2026-10-03T01:09:46.022Z,https://xe.chotot.com/mua-ban-xe-may/131615021.htm,2026-10-03T02:05:40.730Z,Crawled
135028994,Honda PS 150i Trắng đen,Honda,20000000,Tay ga,Đã sử dụng,,PS,2008,39000,100 - 175 cc,"Phường Phú Thuận, Quận 7, Tp Hồ Chí Minh",89 Prince,2026-10-03T01:09:40.000Z,https://xe.chotot.com/mua-ban-xe-may/135028994.htm,2026-10-03T02:05:41.926Z,Crawled
134880355,Honda Air Blade 2011 thành phố,Honda,8300000,Tay ga,Đã sử dụng,Bán chuyên,Air Blade,2011,20000,,"Phường Tân Sơn Nhì, Quận Tân Phú, Tp Hồ Chí Minh",Cửa hàng xe máy Nam Trang,2026-10-03T01:09:36.006Z,https://xe.chotot.com/mua-ban-xe-may/134880355.htm,2026-10-03T02:05:42.883Z,Crawled
135028988,Honda Sonic 2020 Đỏ 36856 km,Honda,16500000,Tay côn/Moto,Đã sử dụng,,Sonic,2020,36856,100 - 175 cc,"Phường Phú Thạnh, Quận Tân Phú, Tp Hồ Chí Minh",Hồng Ngọc Long,2026-10-03T01:09:27.000Z,https://xe.chotot.com/mua-ban-xe-may/135028988.htm,2026-10-03T02:05:43.882Z,Crawled
135028981,SYM Attila 2007 Trắng,SYM,2800000,Tay ga,Đã sử dụng,Bán chuyên,Attila,2007,39000,100 - 175 cc,"Phường Chánh Hưng, Quận 8, Tp Hồ Chí Minh",Thuận,2026-10-03T01:09:12.000Z,https://xe.chotot.com/mua-ban-xe-may/135028981.htm,2026-10-03T02:05:45.138Z,Crawled
135028980,Kawasaki KLX 250 FI Motard 3.400 km Đen,Kawasaki,135000000,Tay côn/Moto,Đã sử dụng,,Kawasaki,2019,3400,Trên 175 cc,"Phường Phú Lâm, Quận 6, Tp Hồ Chí Minh",Huỳnh Đình Văn,2026-10-03T01:09:06.000Z,https://xe.chotot.com/mua-ban-xe-may/135028980.htm,2026-10-03T02:05:46.133Z,Crawled
135001008,Honda Wave 2014 biển số Sài Gòn. ,Honda,8000000,Xe số,Đã sử dụng,,Wave,2014,35867,100 - 175 cc,"Phường Bình Thạnh, Quận Bình Thạnh, Tp Hồ Chí Minh",Bình An,2026-10-03T01:09:05.756Z,https://xe.chotot.com/mua-ban-xe-may/135001008.htm,2026-10-03T02:05:47.176Z,Crawled
134723976,Xe máy điện VinFast EVO 200 Xanh 2025 mua pin,VinFast,25000000,Tay ga,Mới,Bán chuyên,Evo200,2025,,Không biết rõ,"Phường Bình Trị Đông, Quận Bình Tân, Tp Hồ Chí Minh",nguyễn thuần ,2026-10-03T01:07:39.909Z,https://xe.chotot.com/mua-ban-xe-may/134723976.htm,2026-10-03T02:05:48.104Z,Crawled
135028943,Winner v1 2018 PBĐB Đen nhám BSTP chính chủ kí,Honda,19800000,Tay côn/Moto,Đã sử dụng,Bán chuyên,Winner,2018,20000,,"Phường Bình Hưng Hòa, Quận Bình Tân, Tp Hồ Chí Minh",Bách Khoa K56,2026-10-03T01:07:07.000Z,https://xe.chotot.com/mua-ban-xe-may/135028943.htm,2026-10-03T02:05:49.090Z,Crawled
135028937,SYM Elizabeth trắng,SYM,5000000,Tay ga,Đã sử dụng,,Elizabeth,2012,350000,100 - 175 cc,"Phường An Phú Đông, Quận 12, Tp Hồ Chí Minh",Pé síu,2026-10-03T01:06:50.000Z,https://xe.chotot.com/mua-ban-xe-may/135028937.htm,2026-10-03T02:05:50.776Z,Crawled
134965714,Honda Future 2015 Đen trắng,Honda,12500000,Xe số,Đã sử dụng,,Future,2015,22000,,"Xã Tân Vĩnh Lộc, Huyện Bình Chánh, Tp Hồ Chí Minh",Kỷ Nguyễn Tấn,2026-10-03T01:06:34.268Z,https://xe.chotot.com/mua-ban-xe-may/134965714.htm,2026-10-03T02:05:51.854Z,Crawled
135028909,Yamaha Exciter 150cc 2020 Xanh Indonesia,Yamaha,23500000,Xe số,Đã sử dụng,Bán chuyên,Exciter,2020,20000,100 - 175 cc,"Phường Bình Tân, Quận Bình Tân, Tp Hồ Chí Minh",Cường phát ,2026-10-03T01:05:14.000Z,https://xe.chotot.com/mua-ban-xe-may/135028909.htm,2026-10-03T02:05:52.907Z,Crawled
135028903,Vinfast Evo Grand 2026 Trắng 5000 KM,VinFast,17500000,Tay ga,Đã sử dụng,,Evo Grand,2025,5000,,"Phường Hòa Hưng, Quận 10, Tp Hồ Chí Minh",AZ Shop US,2026-10-03T01:05:03.000Z,https://xe.chotot.com/mua-ban-xe-may/135028903.htm,2026-10-03T02:05:53.938Z,Crawled
134677373,♻️SYM Elegant Máy Êm (btc),SYM,6300000,Xe số,Đã sử dụng,Bán chuyên,Elegant,2017,1,,"Phường Tăng Nhơn Phú, Thành phố Thủ Đức, Tp Hồ Chí Minh",XE MÁY QUẬN 9,2026-10-03T01:04:53.355Z,https://xe.chotot.com/mua-ban-xe-may/134677373.htm,2026-10-03T02:05:54.889Z,Crawled
135012531,ab 125 / 2016,Honda,25000000,Tay ga,Đã sử dụng,Bán chuyên,Air Blade,2016,2800,100 - 175 cc,"Xã Bà Điểm, Huyện Hóc Môn, Tp Hồ Chí Minh",xe máy Tùng Liên ,2026-10-03T01:04:17.983Z,https://xe.chotot.com/mua-ban-xe-may/135012531.htm,2026-10-03T02:05:55.976Z,Crawled